epoch,train_loss,validation_loss
1,0.011639807973470953,0.010409993007779122
2,0.01036692962464359,0.010783909671008587
3,0.01030333336442709,0.01071316558867693
4,0.01028019112845262,0.010283198431134224
5,0.010194166161947781,0.010150635093450546
6,0.010204862157503764,0.010302072651684284
7,0.01016483198851347,0.010196909308433533
8,0.010192077424791125,0.010237061530351638
9,0.010158741664555338,0.010206408128142356
10,0.010166891308294403,0.010214094072580338
11,0.010148828820221953,0.010146270208060741
12,0.010143269213537375,0.010128614716231823
13,0.010132834162149164,0.010126479491591454
14,0.010139091474314531,0.010142788738012314
15,0.010127908231483565,0.010200259424746037
16,0.01010586288654142,0.010148962289094924
17,0.010111577949590153,0.01013729553669691
18,0.010124186409844292,0.010185991115868091
19,0.01012406922876835,0.010247552171349525
20,0.010106760333809587,0.010154831372201443
21,0.010117204330033725,0.010163713768124581
22,0.010108756617539459,0.010041964799165725
23,0.010130701272024048,0.010151964537799358
24,0.010089816720121436,0.010141579993069172
25,0.010116295019785563,0.010213295258581638
26,0.010124470889568329,0.010181400999426842
27,0.010108230693472756,0.010157007202506065
28,0.01009705550968647,0.010158287063241005
29,0.010100104647378127,0.010149712190032006
30,0.010103982438643773,0.010092067047953606
31,0.010116171373261346,0.010194464549422265
32,0.010121478343175517,0.010058403387665749
33,0.0100927583169606,0.01011506088078022
34,0.010113978497684003,0.010119592249393463
35,0.010109691334267458,0.010164054296910762
36,0.01008330681671699,0.010370416641235352
37,0.010121069889929559,0.010256937444210053
38,0.010102435342139667,0.010261836051940918
39,0.01012882993867,0.010230583883821965
40,0.010087285662690798,0.010167738981544971
41,0.010092898011207581,0.010092526227235794
42,0.01011127081596189,0.010162171795964242
43,0.010001339134242799,0.010262347869575023
44,0.010099689579672284,0.010186135694384575
45,0.010054630980723433,0.010325992740690708
46,0.009997692008813222,0.010395372733473778
47,0.010120149701833725,0.010146309956908225
48,0.010047026363511881,0.009856196939945222
49,0.010116569180455472,0.010200935155153275
50,0.010105267237457964,0.010276994556188584
51,0.010068604441152679,0.010531185939908028
52,0.010092044886615541,0.009891956597566604
53,0.010091655900080999,0.010309318453073502
54,0.010119967369569672,0.010087528489530087
55,0.010094322193827894,0.010067813880741596
56,0.010087066168586413,0.010062032416462897
57,0.010080071876032486,0.010127526335418224
58,0.010126119686497582,0.010188218206167221
59,0.01008287271277772,0.010086077526211738
60,0.010093631417387061,0.010141845643520355
61,0.01007712190763818,0.010135824456810952
62,0.010031631932490402,0.009986563697457313
63,0.010103388080994287,0.010147032961249351
64,0.010075598375664817,0.010077630802989006
65,0.010046877745125029,0.01014810673892498
66,0.010082873942123519,0.010203998908400536
67,0.010007685948577191,0.010250256285071374
68,0.010095679404007064,0.010166804790496826
69,0.010084173290265931,0.010110243260860442
70,0.0100692669260833,0.010136032216250897
71,0.010072019406490856,0.010176316276192665
72,0.010084280487563876,0.01013401560485363
73,0.010038409969872899,0.010061186924576759
74,0.010075083631608221,0.010051668360829354
75,0.010080567705962393,0.010135758258402348
76,0.01007830282052358,0.01012368492782116
77,0.010083522653828064,0.010104917734861375
78,0.010075785285896725,0.010207999050617218
79,0.010087246352599727,0.010140542276203632
80,0.010074297111067507,0.010085890591144562
81,0.010040567136473126,0.009998400099575519
82,0.010048950620823437,0.01003910455852747
83,0.010014376064969435,0.010079392492771148
84,0.010105534626377954,0.010288078263401985
85,0.010094824019405577,0.010166785642504693
86,0.010070024236208864,0.010096957795321942
87,0.010073184470335643,0.010105950087308883
88,0.010074782433609169,0.010151260867714881
89,0.01009236988094118,0.010120633617043495
90,0.010080749860240353,0.010096001401543618
91,0.010078340011338394,0.010078471042215825
92,0.010074114787081877,0.010110586620867253
93,0.010094096300502618,0.010105165429413318
94,0.010073803174826835,0.010151853039860725
95,0.010082764509651397,0.010087949857115745
96,0.01007303369541963,0.010094401799142361
97,0.010073618160353766,0.010137068554759026
98,0.010074137511352698,0.010163520015776157
99,0.010075827431347635,0.01013033777475357
100,0.010074459641344017,0.010120189040899277
101,0.010066036234299343,0.01016361527144909
102,0.010078784063872364,0.010107939541339874
103,0.010090793557465077,0.010126804597675801
104,0.010087397355172369,0.010111988931894302
105,0.010069253924820158,0.010111483037471771
106,0.01006689735584789,0.010114471092820168
107,0.010069943318764369,0.010165515691041946
108,0.010074202840526899,0.010117895081639289
109,0.01008207986338271,0.010115926526486874
110,0.010075059015717772,0.010149280056357384
111,0.010077533005840248,0.0101101640984416
112,0.010079800594184134,0.010097175016999244
113,0.01006718202183644,0.010119353756308555
114,0.010087107813192739,0.010140504017472267
115,0.01008568140367667,0.010193641558289527
116,0.010072215207748944,0.010113874226808548
117,0.010060500974456469,0.010142148062586785
118,0.010073616434302594,0.010110617391765117
119,0.010057570371362899,0.010084694661200046
120,0.010083576200736893,0.010133883357048035
121,0.010084418836567136,0.01009292110800743
122,0.010072762212819523,0.010125805139541626
123,0.010087985222538313,0.010151714384555817
124,0.010092573944065306,0.010110053084790706
125,0.01006433315989044,0.010133287459611893
126,0.01005785105129083,0.010131286494433879
127,0.010077076806790299,0.010125009790062905
128,0.010085162876380815,0.010119992308318615
129,0.010080952958928214,0.01012576811015606
130,0.010064029486642943,0.010133040323853492
131,0.010086296999620067,0.01010743897408247
132,0.010079751283758216,0.010138177536427975
133,0.010076301801535818,0.010150581002235412
134,0.010068301690949334,0.010146561451256276
135,0.010067502686546909,0.010125898569822312
136,0.01007601341439618,0.01012243341654539
137,0.010063172243535519,0.010123742260038853
138,0.010090186807016531,0.010176342017948627
139,0.01007687265260352,0.010105243027210236
140,0.010074479062524106,0.010124634504318237
141,0.010070625560151206,0.010169064849615097
142,0.01007468779053953,0.010126385390758514
143,0.01007836527708504,0.010127867348492145
144,0.010066539562410779,0.010115131959319115
145,0.010081564635038376,0.010122504867613315
146,0.010082745059496826,0.010097965858876705
147,0.010075072215663063,0.010114277675747872
148,0.010074145922230349,0.010114440098404884
149,0.010069608849783739,0.010118305534124374
150,0.010081499471432633,0.010142649188637734
151,0.010076740255786313,0.010126652903854847
152,0.010065581239759923,0.010106342546641826
153,0.010062820418841309,0.010120332650840282
154,0.010065122735169199,0.010146357417106629
155,0.010081011830932565,0.01014599036425352
156,0.010064020959867371,0.010134588927030563
157,0.010072973113920953,0.010136092342436313
158,0.010070322242875894,0.010125369764864445
159,0.010067707726524936,0.010113031901419163
160,0.010074630723231368,0.010118003413081169
161,0.010066536433166929,0.01011659774929285
162,0.010064723321961032,0.010128168314695358
163,0.010066288150846958,0.010142927914857864
164,0.010067139768766033,0.010115629248321056
165,0.010073697658048737,0.010125157609581947
166,0.010068002103103532,0.010127739533782005
167,0.010073699669705496,0.010135986804962159
168,0.010063273335496585,0.010122499465942382
169,0.01006503562339478,0.010128297209739685
170,0.010068337126738495,0.01011874869465828
171,0.010071499028967486,0.01010320745408535
172,0.010071904994547368,0.010121577754616737
173,0.010070755730072658,0.010108144134283065
174,0.010068648242288166,0.010119614899158478
175,0.010075085937148995,0.010146176181733609
176,0.010073478511638112,0.010111202746629714
177,0.010071207330458694,0.010114138722419739
178,0.010068162356813749,0.010107698142528534
179,0.010069160896042983,0.010129658319056035
180,0.010066470499667857,0.010108215734362602
181,0.010062393049399059,0.010108227394521236
182,0.010068867020308972,0.010106058940291405
183,0.010072327930894163,0.010135817080736161
184,0.010067239503065746,0.010118709728121757
185,0.010065028936498695,0.010122791901230811
186,0.010071762990620401,0.010174879357218742
187,0.010069659964905844,0.010126094296574593
188,0.010070030718213982,0.010115248002111912
189,0.010061691709690623,0.010111635774374008
190,0.010068013415568405,0.010111566968262195
191,0.010064062165717284,0.010112145505845547
192,0.010074271187186241,0.01011791557073593
193,0.010067312812639607,0.01012322846800089
194,0.010077096757789453,0.010135842822492122
195,0.010073153765665161,0.0101593754068017
196,0.010074609458032582,0.010113568864762784
197,0.010062454057236513,0.010144381821155547
198,0.010065208425124487,0.010153719112277032
199,0.010067027364340094,0.010110551342368126
200,0.01006639020310508,0.010116510204970836
