epoch,loss,raw_loss,weight,weighted_loss,raw_gradient_norm,weighted_gradient_norm,cosine_with_dense_gradient
1,spike_rate,0.058496858924627304,0.2,0.011699371971189976,0.00018159793398808688,3.631957952165976e-05,
1,spike_smooth,1.661615533521399e-05,0.0,0.0,9.532943749945844e-07,0.0,
1,spike_diversity,0.9993754029273987,0.0,0.0,3.015425318153575e-05,0.0,
1,structural,0.9189194440841675,0.03,0.027567582204937935,2.8610360459424555e-05,8.583112389715097e-07,
1,sample_diversity,0.9999446272850037,0.2,0.1999889314174652,0.00034979142947122455,6.995832518441603e-05,
1,temporal_balance,4.464740413823165e-06,0.0,0.0,7.086300115588529e-07,0.0,
1,spatial_compactness,0.04195008426904678,0.0,0.0,0.0013023243518546224,0.0,
1,edge_membrane,0.26150110363960266,0.05,0.013075055554509163,0.01942429691553116,0.0009712139726616442,
1,dense_magnitude_loss,0.0,0.5,0.0,0.0,0.0,
1,dendritic_cancellation_loss,0.0771680697798729,0.05,0.0038584035355597734,0.0033490064088255167,0.0001674503437243402,
1,total,0.25618937611579895,1.0,0.25618937611579895,0.0011124589946120977,0.0011124589946120977,
5,spike_rate,0.05415532737970352,0.2,0.010831065475940704,0.004259685054421425,0.0008519373368471861,
5,spike_smooth,4.528406134340912e-05,0.0,0.0,1.8047156117972918e-05,0.0,
5,spike_diversity,0.9987979531288147,0.0,0.0,0.0006084082997404039,0.0,
5,structural,0.918372631072998,0.03,0.027551177889108658,0.0005768559058196843,1.730567601043731e-05,
5,sample_diversity,0.9994198083877563,0.2,0.19988396763801575,0.0006009659846313298,0.00012019329733448103,
5,temporal_balance,7.434749704771093e-08,0.0,0.0,3.865001190206385e-07,0.0,
5,spatial_compactness,0.058355048298835754,0.0,0.0,0.008050871081650257,0.0,
5,edge_membrane,0.13907232880592346,0.05,0.006953616626560688,0.006027559284120798,0.00030137773137539625,
5,dense_magnitude_loss,0.0,0.5,0.0,0.0,0.0,
5,dendritic_cancellation_loss,0.05033659562468529,0.05,0.002516829874366522,0.006018139887601137,0.00030090706422924995,
5,total,0.24773666262626648,1.0,0.24773666262626648,0.0012485580518841743,0.0012485580518841743,
10,spike_rate,0.027312172576785088,0.2,0.005462434608489275,0.011101559735834599,0.00222031120210886,
10,spike_smooth,0.00023198817507363856,0.0,0.0,8.413900650339201e-05,0.0,
10,spike_diversity,0.9962987899780273,0.0,0.0,0.002560667460784316,0.0,
10,structural,0.916003942489624,0.03,0.027480117976665497,0.002425521146506071,7.276562973856926e-05,
10,sample_diversity,0.9987274408340454,0.2,0.19974549114704132,0.001545042498037219,0.0003090091631747782,
10,temporal_balance,4.292708763387054e-05,0.0,0.0,6.458194548031315e-05,0.0,
10,spatial_compactness,0.11556398868560791,0.0,0.0,0.029964381828904152,0.0,
10,edge_membrane,0.08464780449867249,0.05,0.004232390318065882,0.015817593783140182,0.0007908796542324126,
10,dense_magnitude_loss,0.0,0.5,0.0,0.0,0.0,
10,dendritic_cancellation_loss,0.037821367383003235,0.05,0.0018910684157162905,0.00293383258394897,0.00014669160009361804,
10,total,0.23881149291992188,1.0,0.23881149291992188,0.002046974143013358,0.002046974143013358,
20,spike_rate,0.002670230809599161,0.2,0.0005340461502783,0.003442006651312113,0.0006884012836962938,
20,spike_smooth,0.0009180515771731734,0.0,0.0,0.00022429738601204008,0.0,
20,spike_diversity,0.9715611338615417,0.0,0.0,0.009298634715378284,0.0,
20,structural,0.8924620747566223,0.03,0.026773862540721893,0.008789464831352234,0.0002636839053593576,
20,sample_diversity,0.9960847496986389,0.2,0.19921694695949554,0.0037307420279830694,0.0007461486966349185,
20,temporal_balance,0.00013532931916415691,0.0,0.0,0.00018115660350304097,0.0,
20,spatial_compactness,0.24022698402404785,0.0,0.0,0.05634450912475586,0.0,
20,edge_membrane,0.05276089534163475,0.05,0.0026380447670817375,0.006007465533912182,0.0003003734163939953,
20,dense_magnitude_loss,0.0,0.5,0.0,0.0,0.0,
20,dendritic_cancellation_loss,0.023762043565511703,0.05,0.0011881021782755852,0.0025591785088181496,0.00012795890506822616,
20,total,0.23035100102424622,1.0,0.23035100102424622,0.0006388734909705818,0.0006388734909705818,
30,spike_rate,0.007894228212535381,0.2,0.0015788456657901406,0.011589677073061466,0.002317935461178422,
30,spike_smooth,0.004944322165101767,0.0,0.0,0.002238835208117962,0.0,
30,spike_diversity,0.9734545946121216,0.0,0.0,0.007206489332020283,0.0,
30,structural,0.8942738175392151,0.03,0.026828214526176453,0.00682189641520381,0.00020465694251470268,
30,sample_diversity,0.9047430157661438,0.2,0.18094860017299652,0.056922394782304764,0.011384477838873863,
30,temporal_balance,1.9129547581542283e-05,0.0,0.0,4.9798971303971484e-05,0.0,
30,spatial_compactness,0.17318370938301086,0.0,0.0,0.04557440057396889,0.0,
30,edge_membrane,0.03240716829895973,0.05,0.001620358438231051,0.007536068093031645,0.00037680339301005006,
30,dense_magnitude_loss,0.0,0.5,0.0,0.0,0.0,
30,dendritic_cancellation_loss,0.023164112120866776,0.05,0.0011582056758925319,0.004459337331354618,0.00022296688985079527,
30,total,0.2121342122554779,1.0,0.2121342122554779,0.00931639689952135,0.00931639689952135,
50,spike_rate,0.05081107094883919,0.2,0.010162214748561382,0.004561613779515028,0.0009123224881477654,
50,spike_smooth,0.007376604713499546,0.0,0.0,0.002073364332318306,0.0,
50,spike_diversity,0.9842221140861511,0.0,0.0,0.005801894702017307,0.0,
50,structural,0.9046900272369385,0.03,0.027140699326992035,0.0054386272095143795,0.00016315879474859685,
50,sample_diversity,0.10370387136936188,0.2,0.020740775391459465,0.007653399836272001,0.0015306799905374646,
50,temporal_balance,1.580460047989618e-05,0.0,0.0,5.321651315171039e-06,0.0,
50,spatial_compactness,0.013177009299397469,0.0,0.0,0.008457530289888382,0.0,
50,edge_membrane,0.03207794576883316,0.05,0.0016038973117247224,0.06957118213176727,0.0034785575699061155,
50,dense_magnitude_loss,0.0,0.5,0.0,0.0,0.0,
50,dendritic_cancellation_loss,0.002006066730245948,0.05,0.00010030333942268044,0.015243515372276306,0.0007621754775755107,
50,total,0.05974788963794708,1.0,0.05974788963794708,0.003574900096282363,0.003574900096282363,
