epoch,loss,raw_loss,weight,weighted_loss,raw_gradient_norm,weighted_gradient_norm,cosine_with_dense_gradient,actual_spike_rate,dense_abs_mean
1,spike_rate,0.04469430819153786,0.2,0.008938862010836601,0.002837871201336384,0.0005675743450410664,0.6871401071548462,0.005859375,0.2832377552986145
1,spike_smooth,7.334277324844152e-05,0.0,0.0,1.7909160305862315e-05,0.0,,0.005859375,0.2832377552986145
1,spike_diversity,0.9992318153381348,0.0,0.0,6.997289165155962e-05,0.0,,0.005859375,0.2832377552986145
1,structural,0.9187814593315125,0.03,0.027563443407416344,6.635124736931175e-05,1.9905369299522135e-06,0.742048442363739,0.005859375,0.2832377552986145
1,sample_diversity,0.9998383522033691,0.04,0.0399935320019722,0.0003704777336679399,1.4819129319221247e-05,0.18709224462509155,0.005859375,0.2832377552986145
1,temporal_balance,0.00013338263670448214,0.0,0.0,3.0178700399119407e-05,0.0,,0.005859375,0.2832377552986145
1,spatial_compactness,0.6976349949836731,0.0001,6.976349686738104e-05,0.27709004282951355,2.7709009373211302e-05,0.25129973888397217,0.005859375,0.2832377552986145
1,edge_membrane,0.5386558175086975,0.01,0.005386557895690203,0.03789861872792244,0.0003789860347751528,-0.19079209864139557,0.005859375,0.2832377552986145
1,dense_magnitude_loss,0.5137481093406677,0.1,0.05137481167912483,0.020317669957876205,0.0020317670423537493,0.9999999403953552,0.005859375,0.2832377552986145
1,dense_positive_loss,0.0017023669788613915,0.01,1.7023668988258578e-05,0.0002801913651637733,2.8019119326927466e-06,-0.472342848777771,0.005859375,0.2832377552986145
1,dendritic_cancellation_loss,0.03816152364015579,0.05,0.0019080762285739183,0.004389901179820299,0.00021949515212327242,0.11387483030557632,0.005859375,0.2832377552986145
1,total,0.13525207340717316,1.0,0.13525207340717316,0.002407275838777423,0.002407275838777423,0.990475058555603,0.005859375,0.2832377552986145
5,spike_rate,0.0005027427687309682,0.2,0.00010054855374619365,0.0026504064444452524,0.0005300812190398574,0.7135934829711914,0.1983642578125,0.68137526512146
5,spike_smooth,0.0005048323073424399,0.0,0.0,0.00011458525113994256,0.0,,0.1983642578125,0.68137526512146
5,spike_diversity,0.9969090819358826,0.0,0.0,0.0015130731044337153,0.0,,0.1983642578125,0.68137526512146
5,structural,0.916577935218811,0.03,0.027497338131070137,0.001431648270227015,4.294944301364012e-05,0.680343508720398,0.1983642578125,0.68137526512146
5,sample_diversity,0.9985451102256775,0.04,0.039941802620887756,0.001386491465382278,5.5459735449403524e-05,-0.5666741132736206,0.1983642578125,0.68137526512146
5,temporal_balance,0.0009358880342915654,0.0,0.0,0.0006202048389241099,0.0,,0.1983642578125,0.68137526512146
5,spatial_compactness,0.7448664903640747,0.0001,7.448664837284014e-05,0.3659927248954773,3.65992818842642e-05,0.24743492901325226,0.1983642578125,0.68137526512146
5,edge_membrane,0.5019464492797852,0.01,0.0050194645300507545,0.053990721702575684,0.0005399072542786598,-0.5903973579406738,0.1983642578125,0.68137526512146
5,dense_magnitude_loss,0.10152172297239304,0.1,0.010152172297239304,0.05317618325352669,0.005317618139088154,1.0,0.1983642578125,0.68137526512146
5,dense_positive_loss,0.007506799418479204,0.01,7.506799011025578e-05,0.002907245419919491,2.907247471739538e-05,-0.46924275159835815,0.1983642578125,0.68137526512146
5,dendritic_cancellation_loss,0.021213635802268982,0.05,0.0010606817668303847,0.0018327903235331178,9.163949289359152e-05,0.16230499744415283,0.1983642578125,0.68137526512146
5,total,0.08392155915498734,1.0,0.08392155915498734,0.005398362409323454,0.005398362409323454,0.9975618124008179,0.1983642578125,0.68137526512146
10,spike_rate,0.0,0.2,0.0,0.0,0.0,,0.291900634765625,0.9499036073684692
10,spike_smooth,0.0007969198049977422,0.0,0.0,0.00023995645460672677,0.0,,0.291900634765625,0.9499036073684692
10,spike_diversity,0.9943152666091919,0.0,0.0,0.0021180373150855303,0.0,,0.291900634765625,0.9499036073684692
10,structural,0.9141201972961426,0.03,0.02742360532283783,0.0020062634721398354,6.0187925555510446e-05,0.6604807376861572,0.291900634765625,0.9499036073684692
10,sample_diversity,0.9980984926223755,0.04,0.03992393985390663,0.0014087690506130457,5.635063644149341e-05,-0.6291117072105408,0.291900634765625,0.9499036073684692
10,temporal_balance,0.0017865148838609457,0.0,0.0,0.0010246483143419027,0.0,,0.291900634765625,0.9499036073684692
10,spatial_compactness,0.8463366031646729,0.0001,8.463365520583466e-05,0.21057191491127014,2.1057201593066566e-05,0.2551289200782776,0.291900634765625,0.9499036073684692
10,edge_membrane,0.5082700252532959,0.01,0.005082699935883284,0.03346405550837517,0.00033464061561971903,-0.6167424321174622,0.291900634765625,0.9499036073684692
10,dense_magnitude_loss,0.002509648445993662,0.1,0.00025096486206166446,0.011697275564074516,0.0011697274167090654,1.0000001192092896,0.291900634765625,0.9499036073684692
10,dense_positive_loss,0.013734610751271248,0.01,0.00013734609819948673,0.004570495802909136,4.570492455968633e-05,-0.4711460471153259,0.291900634765625,0.9499036073684692
10,dendritic_cancellation_loss,0.013293175026774406,0.05,0.0006646587862633169,0.0006399428239092231,3.19971441058442e-05,0.2647584080696106,0.291900634765625,0.9499036073684692
10,total,0.07356783747673035,1.0,0.07356783747673035,0.0009842769941315055,0.0009842769941315055,0.9752874374389648,0.291900634765625,0.9499036073684692
20,spike_rate,0.0,0.2,0.0,0.0,0.0,,0.271514892578125,0.9947433471679688
20,spike_smooth,0.0008193109533749521,0.0,0.0,0.0002545038005337119,0.0,,0.271514892578125,0.9947433471679688
20,spike_diversity,0.9911015033721924,0.0,0.0,0.0030168185476213694,0.0,,0.271514892578125,0.9947433471679688
20,structural,0.9110684990882874,0.03,0.02733205445110798,0.00286045647226274,8.581369183957577e-05,0.647339940071106,0.271514892578125,0.9947433471679688
20,sample_diversity,0.9989094138145447,0.04,0.03995637595653534,0.0007430802215822041,2.9723210900556296e-05,-0.557605504989624,0.271514892578125,0.9947433471679688
20,temporal_balance,0.0016449398826807737,0.0,0.0,0.0008951291674748063,0.0,,0.271514892578125,0.9947433471679688
20,spatial_compactness,0.9173839092254639,0.0001,9.17383877094835e-05,0.07112036645412445,7.112035746104084e-06,0.3419867157936096,0.271514892578125,0.9947433471679688
20,edge_membrane,0.5041332840919495,0.01,0.005041332915425301,0.020391151309013367,0.0002039115788647905,-0.549667477607727,0.271514892578125,0.9947433471679688
20,dense_magnitude_loss,2.763239899650216e-05,0.1,2.7632399905996863e-06,0.0012199814664199948,0.00012199812772450969,1.0,0.271514892578125,0.9947433471679688
20,dense_positive_loss,0.01580364815890789,0.01,0.00015803647693246603,0.004633383359760046,4.633382195606828e-05,-0.4744824767112732,0.271514892578125,0.9947433471679688
20,dendritic_cancellation_loss,0.005950205028057098,0.05,0.0002975102688651532,0.0005504665314219892,2.7523328753886744e-05,0.3619474172592163,0.271514892578125,0.9947433471679688
20,total,0.07287980616092682,1.0,0.07287980616092682,0.00013503155787475407,0.00013503155787475407,0.29105108976364136,0.271514892578125,0.9947433471679688
30,spike_rate,0.0,0.2,0.0,0.0,0.0,,0.25244140625,0.9986528158187866
30,spike_smooth,0.0008011155878193676,0.0,0.0,0.00025152851594612,0.0,,0.25244140625,0.9986528158187866
30,spike_diversity,0.9863545894622803,0.0,0.0,0.005060057155787945,0.0,,0.25244140625,0.9986528158187866
30,structural,0.9065617322921753,0.03,0.02719685062766075,0.004800235386937857,0.000144007004564628,0.5832921266555786,0.25244140625,0.9986528158187866
30,sample_diversity,0.9987147450447083,0.04,0.039948590099811554,0.000731876993086189,2.9274959160829894e-05,-0.5751814842224121,0.25244140625,0.9986528158187866
30,temporal_balance,0.0013405117206275463,0.0,0.0,0.0007614814676344395,0.0,,0.25244140625,0.9986528158187866
30,spatial_compactness,0.9571913480758667,0.0001,9.571912960382178e-05,0.05078604444861412,5.078606136521557e-06,0.2900146543979645,0.25244140625,0.9986528158187866
30,edge_membrane,0.48910969495773315,0.01,0.004891096614301205,0.013637536205351353,0.00013637536903843284,-0.4228944182395935,0.25244140625,0.9986528158187866
30,dense_magnitude_loss,1.8149052039007074e-06,0.1,1.8149052039007074e-07,0.0003036877606064081,3.036877023987472e-05,0.9999998807907104,0.25244140625,0.9986528158187866
30,dense_positive_loss,0.016910910606384277,0.01,0.0001691091019893065,0.004524766933172941,4.524767064140178e-05,-0.47781094908714294,0.25244140625,0.9986528158187866
30,dendritic_cancellation_loss,0.002665580715984106,0.05,0.0001332790416199714,0.0006597029860131443,3.2985150028252974e-05,0.26007160544395447,0.25244140625,0.9986528158187866
30,total,0.07243481278419495,1.0,0.07243481278419495,0.0001249446504516527,0.0001249446504516527,0.2264017015695572,0.25244140625,0.9986528158187866
50,spike_rate,0.0,0.2,0.0,0.0,0.0,,0.229644775390625,1.0336885452270508
50,spike_smooth,0.0009876838885247707,0.0,0.0,0.0002438254887238145,0.0,,0.229644775390625,1.0336885452270508
50,spike_diversity,0.9540238380432129,0.0,0.0,0.015820059925317764,0.0,,0.229644775390625,1.0336885452270508
50,structural,0.8759650588035583,0.03,0.02627895027399063,0.014928932301700115,0.0004478678747545928,,0.229644775390625,1.0336885452270508
50,sample_diversity,0.9968355894088745,0.04,0.03987342119216919,0.003680933266878128,0.0001472373551223427,,0.229644775390625,1.0336885452270508
50,temporal_balance,0.0007418105378746986,0.0,0.0,0.0004855819861404598,0.0,,0.229644775390625,1.0336885452270508
50,spatial_compactness,1.0647566318511963,0.0001,0.00010647565795807168,0.14146247506141663,1.4146239664114546e-05,,0.229644775390625,1.0336885452270508
50,edge_membrane,0.42453840374946594,0.01,0.004245384130626917,0.009892763569951057,9.892763046082109e-05,,0.229644775390625,1.0336885452270508
50,dense_magnitude_loss,0.0,0.1,0.0,0.0,0.0,,0.229644775390625,1.0336885452270508
50,dense_positive_loss,0.022585632279515266,0.01,0.0002258563181385398,0.0036817584186792374,3.6817556974710897e-05,,0.229644775390625,1.0336885452270508
50,dendritic_cancellation_loss,0.001759260892868042,0.05,8.796304609859362e-05,0.0011877348879352212,5.938674075878225e-05,,0.229644775390625,1.0336885452270508
50,total,0.07081805169582367,1.0,0.07081805169582367,0.0004068675043527037,0.0004068675043527037,,0.229644775390625,1.0336885452270508
75,spike_rate,4.792572872247547e-05,0.2,9.585145562596153e-06,0.0002926933520939201,5.853866241523065e-05,,0.20367431640625,1.1234996318817139
75,spike_smooth,0.0017725650686770678,0.0,0.0,0.0002701387566048652,0.0,,0.20367431640625,1.1234996318817139
75,spike_diversity,0.8586609363555908,0.0,0.0,0.013838909566402435,0.0,,0.20367431640625,1.1234996318817139
75,structural,0.7867905497550964,0.03,0.023603716865181923,0.012827028520405293,0.00038481090450659394,,0.20367431640625,1.1234996318817139
75,sample_diversity,0.9000657200813293,0.04,0.03600262850522995,0.022691791877150536,0.0009076717542484403,,0.20367431640625,1.1234996318817139
75,temporal_balance,7.025536615401506e-05,0.0,0.0,0.00011770718992920592,0.0,,0.20367431640625,1.1234996318817139
75,spatial_compactness,1.83409583568573,0.0001,0.0001834095746744424,0.2944503724575043,2.9445027394103818e-05,,0.20367431640625,1.1234996318817139
75,edge_membrane,0.1641884297132492,0.01,0.0016418842133134604,0.029667513445019722,0.0002966751344501972,,0.20367431640625,1.1234996318817139
75,dense_magnitude_loss,0.0,0.1,0.0,0.0,0.0,,0.20367431640625,1.1234996318817139
75,dense_positive_loss,0.018237929791212082,0.01,0.00018237929907627404,0.0014156753895804286,1.4156758879835252e-05,,0.20367431640625,1.1234996318817139
75,dendritic_cancellation_loss,0.002389256376773119,0.05,0.00011946282029384747,0.006728512234985828,0.00033642558264546096,,0.20367431640625,1.1234996318817139
75,total,0.06174306944012642,1.0,0.06174306944012642,0.0008549863705411553,0.0008549863705411553,,0.20367431640625,1.1234996318817139
100,spike_rate,0.0006201312062330544,0.2,0.00012402624997776002,0.0010553938336670399,0.0002110787754645571,,0.192626953125,1.022860050201416
100,spike_smooth,0.0024767532013356686,0.0,0.0,0.0004585672577377409,0.0,,0.192626953125,1.022860050201416
100,spike_diversity,0.9307821393013,0.0,0.0,0.024764472618699074,0.0,,0.192626953125,1.022860050201416
100,structural,0.8543054461479187,0.03,0.025629162788391113,0.023258334025740623,0.0006977497250773013,,0.192626953125,1.022860050201416
100,sample_diversity,0.08721642941236496,0.04,0.0034886570647358894,0.020320860669016838,0.0008128349436447024,,0.192626953125,1.022860050201416
100,temporal_balance,0.0002065379376290366,0.0,0.0,4.352052928879857e-05,0.0,,0.192626953125,1.022860050201416
100,spatial_compactness,2.083401918411255,0.0001,0.00020834019233006984,0.1572938859462738,1.5729387087048963e-05,,0.192626953125,1.022860050201416
100,edge_membrane,0.15045998990535736,0.01,0.001504599815234542,0.020117856562137604,0.00020117852545809,,0.192626953125,1.022860050201416
100,dense_magnitude_loss,0.0,0.1,0.0,0.0,0.0,,0.192626953125,1.022860050201416
100,dense_positive_loss,0.0019361651502549648,0.01,1.9361650629434735e-05,0.000625643995590508,6.256438609852921e-06,,0.192626953125,1.022860050201416
100,dendritic_cancellation_loss,0.004702096804976463,0.05,0.00023510484606958926,0.004043858498334885,0.0002021929540205747,,0.192626953125,1.022860050201416
100,total,0.031209252774715424,1.0,0.031209252774715424,0.0003492675023153424,0.0003492675023153424,,0.192626953125,1.022860050201416
